#,LINK,ARABIC,ENGLISH
1,http://www.alnafitha.com/,شركة النافذه الدوليه لتقنية المعومات,Al Nafitha International for Information Technology
2,http://2fast.io/,شركة سرعة النفاذ للأمن السيبراني,2FAST
3,http://3tsa.com/,شركة المثلث التقني الكامل,.3T Total Technical Triangle CO
4,https://www.4data.com.sa/,شركة البيانات الأربعة لتقنية المعلومات,4 Data Information technologies LLC
5,https://global.abb/group/en/technology/cyber-security,شركة اية بي بي,ABB
6,https://threea.net/,شركة عبدالرحمن عبدالله الموسى للتجارة,Abdulrahman A. Al-Moussa Trading Co. LTD
7,https://abovetargets.com/,شركة فوق التوقعات للاتصالات وتقنية المعلومات,Above Targets Company for Communication and Information Technology
8,https://abrar.com.sa/,شركة أبرار للاتصالات,Abrar Communication Co.
9,https://aol.edu.sa/,معهد أكاديمية التعلم العالي للتدريب,Academy of learning institute for Higher Training
10,https://www.accenture.com/sa-en,شركة اكسنتشر السعودية المحدودة,Accenture Saudi Arabia limited
11,https://www.acetsolutions.com/,شركة أيه سي إي تي سوليوشنز إل إل سي,ACET Solutions LLC
12,https://www.activeshield.sa/,شركة الدرع النشط للأمن السيبراني,Active Shield for Cybersecurity Company
13,http://ats-ware.com/,الشركة الفنية لتوطين التقنية,Adaptive TechSoft (ats)
14,https://adsys.net/,شركة أنظمة البيانات المتقدمة,Advanced Data Systems
15,https://www.aecl.com/ar/,شركة الإلكترونيات المتقدمة,Advanced Electronics Company
16,https://www.hami-security.com/,شركة أنظمة الحماية الرقمية المتقدمة للاتصالات و تقنية المعلومات القابضة,Advanced ICT Digital Security Company
17,https://www.itmatrix.com/,شركة المصفوفة المتقدمة لتقنية نظم المعلومات,Advanced Matrix
18,https://ats.ae/,شركة الحلول التقنية المتطورة العربية للأمن السيبراني,Advanced Technical Solutions
19,https://www.sirar.com.sa/,شركة المتقدمة للتقنية والأمن السيبراني,Advanced technology and cybersecurity company limited (sirar by stc)
20,https://atbs.sa/,شركة التقنية المتطورة لخدمات الأعمال,Advanced Technology for Business Services
21,https://ajlanbros-holding.com/,شركه عجلان واخوانه للأمن السيبراني,Ajlan and bros for Cyber security AJ CYBER
22,https://www.akedco.com/,شركة اكيد لتقنية المعلومات,AKEDco
23,https://t.alkhaleej.com.sa/,شركة الخليج للتدريب والتعليم,Al khaleej Training and Education
24,https://www.alamaan.com/,شركة الأمان المتكاملة الأمنية,Alamaan Almutakamela
25,https://www.ase.sa/,الشركة العربية لهندسة النظم,Alarabiya Systems Engineering
26,https://www.alfanar.com/,شركة الفنار للتجارة,Alfanar Company
27,https://alhadatec.com/,شركة الهدا نور للاتصالات وتقنية المعلومات,ALHADA NOUR FOR TELECOM AND INFORMATION TECHNOLOGY
28,https://www.rsm.global/saudiarabia/,شركة المحاسبون المتحدون للاستشارات المهنية,Allied Accountants Professional Services (RSM Saudi Arabia)
29,https://www.almaalim.com/,شركة المعالم الدولية للتقنية المحدودة,Almaalim int. Co. LTD
30,https://almisanbs.com.sa/,شركة الميسان لخدمات الأعمال,ALMISAN BUSINESS SERVICES COMPANY
31,https://www.alqemam.com/,شركة تقنيات القمم للحاسبات والنظم التجارية,Alqemam for Computer Systems
32,https://www.goritis.com/,شركة الرمّاح العالمية لخدمات الاتصالات و نظم المعلومات,AlRammah International for IT and Telecom Services Co
33,https://www.alsaifco-ksa.com/,مؤسسة السيف العربية للمشاريع,Al-saif Arabia for Projects
34,https://www.aman.com.sa/,شركة أمان الحلول للأمن السيبراني,Aman solutions for cybersecurity
35,https://www.amnoon.info/,مكتب آمنون للإستشارات الأمنية,AMNOON SECURITY CONSULTING OFFICE
36,https://www.anazeem.com/,شركة اناظيم للتقنية,Anazeem Information Technology
37,https://www.anmat.sa/,شركة أنماط التقنية للتجارة,Anmat Tech
38,https://www.appsec.sa/,شركة أمن التطبيقات للأمن السيبراني,Appsec
39,http://www.ascit.sa/,مؤسسة عرب الفضاء للاتصالات وتقنية المعلومات,Arab Space
40,https://www.astc.com.sa/,شركة العربية للعلوم والتقنية,ARABIAN FOR SCIENCE AND TECHNOLOGY Co
41,https://www.acs.com.sa/,شركة أنظمة الحاسب الآلي العربي السعودية,Arabic Computer Systems LTD
42,https://rtelo.com/,شركة رسم الصحراء لتقنية المعلومات,Art Of Desert - RTelo
43,http://ata-cit.com/,مؤسسة عطا السعودية للإتصالات وتقنية المعلومات,ata assudia technology
44,https://www.aisc-sa.com/,شركة عذيب إنترجراف السعودية,Atheeb Intergraph Saudi Company
45,https://www.aujas.com/,شركة أوجاس سايبر سيكيورتي ليميتد,Aujas Cybersecurity Limited
46,https://www.axs.sa/,شركة الحلول المتسارعة للاتصالات وتقنية المعلومات,Axelerated Solutions Co
47,https://bahwancybertek.com/home/,شركة بهوان السعودية لتقنيات الحاسوب,Bahwan Saudi IT LLC
48,https://www.bakerhughes.com/,شركة بيكر هيوز العربية السعودية للتشغيل والصيانة,Baker Hughes Saudi Arabia
49,https://btcnetworks.net/,شركة بعد للاتصالات السلكية واللاسلكية,Baud Telecom Company
50,https://www.bs-ict.com/,شركة منارات النظم,Beacons Systems Company
51,https://www.binzomah.com/,شركة بن زومة للتقنية,Binzomah Tech
52,https://www.blueshields.net/,مؤسسة الدروع الزرق,Blue Shields
53,https://bmbgroup.com/,شركة ب م ب إنترناشونال السعودية المحدود,bmb Group
54,https://cebr.sa/,شركة سبر للأمن السيبراني,CEBR
55,https://brains-rs.com/,شركة وادي العقول,Brains valley CO
56,https://cerebra.sa/,شركة المنطق الآمن لتقنية نظم المعلومات,Cerebra
57,https://c-guards.com/,شركة الترس الامن لتقنية المعلومات,Cguards
58,https://cipher.com.sa/,شركة النص المشفر للأمن السيبراني,Cipher company for cyber security
59,https://www.cisco.com/,شركة سيسكو العربية السعودية المحدودة,Cisco Saudi Arabia Limited
60,https://cov.sa/,شركة وضوح الرؤية لتقنية المعلومات,Clarity of Vision Information Technology
61,https://www.cleversolutions.sa/,شركة الحلول العبقرية للإتصالات وتقنية المعلومات,Clever solutions company
62,https://www.c9-ict.com/,شركة السحابة التاسعة للاتصالات وتقنية المعلومات,Cloud 9
63,https://ccds.ws/,شركة كلاود العربية لتقنية نظم المعلومات,Cloud Consultancy Digitalization & Security
64,https://cognna.com/,شركة البصيرة الأمنة للأمن السيبراني,Cognna
65,https://www.aic2.com/,شركة حلول الذكاء الجديد,Company Hulul al-Dhaka' al-Jadid For Contracting
66,https://css-mea.com/,شركة حلول الأنظمة المتقاربة للاتصالات وتقنية المعلومات,Converged System Solutions
67,https://www.edesign.com.sa/,شركة ابداع الوسائط لتقنية المعلومات,Creative Media Co.
68,https://www.crowe.sa/,شركة عالم التقنية المتقدمة لتقنية نظم المعلومات,Crowe
69,https://crystalnetwork.com.sa/,شركة كريستال العالمية لتقنية المعلومات,Crystal International Technology
70,https://ccitech.com.sa/,شركة المحتوى السيبراني لتقنية المعلومات,Cyber Content Information Technology
71,https://www.cybershield-me.com/,مؤسسة الدرع الآمن للأمن السيبراني,Cyber Sheild for Cybersecurity
72,https://cyberspace.com.sa/,مؤسسة فضاء للأمن السيبراني,Cyber Space
73,https://cybervision.com.sa/,مفهوم الرؤية للأمن السيبراني,Cyber Vision
74,http://cyberaad.com/,شركة الرعد الأمني للاتصالات وتقنية المعلومات,CYBERAAD Cybersecurity Services
75,https://cybercave.com.sa/,مؤسسة الكهف للأمن السيبراني,CyberCave
76,https://www.cybermind.sa/,شركة الذهن للأمن السيبراني,CyberMind
77,https://cyberops.sa/,شركة العمليات الرقمية للأمن السيبراني,CyberOps
78,https://www.cybersenshi.com/,مؤسسة السديرات للمشاريع,Cybersenshi
79,https://cybersecurityprof.com/,شركة المحترف الامني للامن السيبراني,CyberSecurity Prof
80,https://cse-labs.com/,مؤسسة الخبراء للأمن السيبراني,Cyber Security Experts
81,https://cyberum.net/,شركة حلول الدفاع للامن السيبراني,CYBERUM Protection
82,https://www.cyberx.world/,شركة المنار للإنتاج الإعلامي المرئي والمسموع - سايبر إكس,CyberX
83,https://betait.net/,شركة دار بيتا لتكنولوجيا المعلومات,.Dar Beta Information Technology Co
84,http://www.thedataprotectors.com/,حماة البيانات,Data Protectors
85,https://dataera.sa/,شركة عصر البيانات التقنية,Dataera
86,https://datasec.sa/,شركة أمن البيانات للأمن السيبراني,DataSec
87,https://dcybersecurity.sa/,شركة دفاع للأمن السيبراني,DEFENSE CYBER SECURITY
88,https://www2.deloitte.com/redirect.html,شركة ديلويت أند توش السعودية للاستشارات المحدودة,Touche Advisory Saudi Limited & Deloitte
89,https://deltaline-it.com/,شركة دلتا الاتصالات العالمية,Delta Line International
90,https://depthdefense.com/,شركة الدفاع العميق للأمن السيبراني,Depth Defense
91,https://www.detasad.com/,شركة ديتكون السعودية ديتاساد المحدودة,Detecon Al Saudia DETASAD Co. Ltd
92,https://www.devoteam.com/,شركة ديفوتيم,Devoteam
93,https://www.dgeo.com.sa/,مؤسسة الجغرافيا الرقمية لتقنية المعلومات,Digital Geography for information technology
94,https://digital-move.com/,شركة الحركة الرقمية للاتصالات وتقنية المعلومات,Digital Move IT & Telecom Company
95,https://www.digitalscheduling.sa/,شركة الجدولة الرقمية لتقنية المعلومات,Digital Scheduling Company
96,https://digisec.com.sa/,شركة الحماية الرقمية للاتصالات وتقنية المعلومات,Digital Security Company
97,https://www.digrix.com/,شركة المصفوفات الرقمية للأجهزة الأمنية,DIGRIX
98,https://diyarme.com/,شركة ديار الشرق الأوسط لتكنلوجيا المعلومات,Diyar Middle East for Information Technology
99,https://www.digitalteam-sa.com/,شركة الفريق الرقمي للاتصالات وتقنية المعلومات,Digital Team
100,https://dnv.com/,شركة دي إن في ايه إس,DNV AS
101,https://doitc.com.sa/ar/,شركة الواحة الرقمية لتقنية المعلومات,DOITC
102,https://diode-sa.com/,شركة اختبارات الأنظمة للأمن السيبراني,Diode
103,http://dicit.com.sa/,شركة سحابة درر الذكية,Dorrar Intelligent Cloud For Information Technology
104,https://www.dsc.sa/,شركة حلول الأنظمة المرنة للاتصالات,Dynamic Systems Solutions
105,https://www.ebttikar.com/,شركة ابتكار للتقنية المحدودة,EBTTIKAR TECHNOLOGY COMPANY
106,https://echoserve.com.sa/,شركة الصدى الشاملة لتقنية المعلومات المحدودة,Echoserve
107,https://elevate-sa.com/,مؤسسة خدمات رفع للأمن السيبراني,Elevate
108,https://www.eec-it.sa/,شركة اعمار التنفيذية لتقنية المعلومات,Emaar Executive
109,https://www.emdha.sa/,شركة إمضاء لتقنية المعلومات,emdha Information Technology
110,https://www.ey.com/en_sa,شركة ارنست ويونغ للنظم والتقنية ذ.م.م,Ernst & Young For Systems & Programming W.L.L
111,https://www.koraspond.com/,شركة إثمار للدعاية والإعلان,Ethmar Advertising Company
112,https://www.mobily.com.sa/wps/portal/web/personal,اتحاد اتصالات موبايلي,Etihad Etisalat Mobily Company
113,https://etqaa.com/,شركة اتقاء للأمن السيبراني,Etqaa Cybersecurity Company
114,https://security.enpro.com.sa/,شركة إمداد مشاريع طاقة المحدودة,Energy projects support company LTD
115,https://www.althiga.com/,مجموعة فائز جميل عبدالغني الثقه الاستشارية المهنية,Faiz Al Thiga Consulting Group Professional
116,https://fcit.sa/,شركة حاسبات الفلك لتقنية المعلومات,Falak Computers for Information Technology (L.L.C)
117,https://fastmatrix.io/,شركة المصفوفة السريعة للأمن السيبراني,Fastmatrix
118,https://feelsafe1.com/,مؤسسة فيل سيف للأمن السيبراني,Feel Safe Est
119,https://flint-international.com/about-us,شركة فلنت كونسلتنغ السعودية المحدودة,Flint Consulting Saudi Ltd.Co
120,https://www.fortinet.com/,فرع شركة فورتينت يوكيه ليمتد,Fortinet Saudi Arabia
121,https://www.alfuzail.com/,شركة فضيل العربية المحدودة,Fuzail Al Arabia
122,https://gcclab.com.sa/service/cyber-security-solutions/,شركة المختبر الخليجي للخدمات الفنية,GCC Lab
123,https://globalelite.com.sa/,شركة النخبة العالمية الإدارية,Global Elite Company
124,https://www.globant.com/,شركة قلوبانت العربية المحدودة,GLOBANT ARABIA LIMITED CO
125,https://www.future-tag.com/,شركة علامة المستقبل الأمنية,Future Tag Security
126,http://golden-logic.com.sa/,شركة المنطق الذهبي للإتصالات وتقنية المعلومات,Golden Logic Company
127,https://www.grantthornton.sa/en/,شركة الدار لتدقيق الحسابات - عبدالله البصري وشركاه محاسبون,Grant Thornton
128,https://grcico.com/ar/,شركة جرين سيركل التجارية,Green Circle Company
129,https://gns.com.sa/,شركة حلول الشبكات الخليجية المحدودة,GulfNet Solutions Limited Company
130,https://haboob.sa/,شركة هبوب التقنية للإتصالات و تقنية المعلومات,Haboob Technologies for Communications and Information Technology
131,https://hack.sa/,مؤسسة هاك للأمن السيبراني,Hack cyber security
132,http://haktrak.com/,شركة هاك تراك للأمن السيبراني,HakTrak
133,https://hadab.sa/,مؤسسة هدب لتقنية نظم المعلومات,Hadab for Information Systems Technology
134,https://www.telenoc.org/,شركة هلكون لتقنية المعلومات,Helcon IT company
135,https://www.helpag.com/,شركة المساعدة للحلول الأمنية للاتصالات وتقنية المعلومات,Help AG
136,https://www.hpe.com/,شركة هيوليت باكارد إنتربرايز المحدودة,Hewlett Packard Enterprise (HPE)
137,https://hidecybersecurity.com/,شركة هايد للأمن السيبراني,Hide Cyber Security
138,https://www.hp-tech.com/,شركة اعلى نقطة لتقنية المعلومات,High Point Technology
139,https://www.hilalcomputers.com/,شركة هلال الحاسب الآلي والتقنية للتجارة,Hilal Computer and Technical For Trade
140,https://www.honeywell.com/,شركة هوني ويل التركي العربية المحدودة,Honeywell Turki Arabia Limited
141,https://www.huawei.com/,شركة هواوي تك انفسمنت العربية السعودية المحدودة,Huawei Tech Investment Saudi Arabia Co. LTD
142,https://www.ibm.com/,آي بي إم,IBM
143,https://icsarabia.com/,شركة اي سي اس العربية,ICS ARABIA
144,https://igrc2.com/,شركة أي جي ار سي سكوير للتصميم,IGRC SQUARE
145,https://infeo.com/,شركة المعرفة الرقمية للاتصالات وتقنية المعلومات,iNFEO
146,https://www.ifcc.com.sa/,شركة حصن المعلومات للأمن السيبراني,Information Fortress Cybersecurity Company
147,https://www.itisco.com.sa/home/default.aspx,الحلول المتكاملة لتقنية المعلومات,Inforamtiom Technology Integrated Soultions Co.
148,https://www.infoway.com.sa/,شركة طريق المعرفة للاتصالات وتقنية المعلومات,InfoWay
149,https://www.infratech.com.sa/,شركة بنى التقنية للاتصالات وتقنية المعلومات,Infratech
150,https://ipsa3.com/,رواد الابتكار للاتصالات وتقنية المعلومات,Innovation Pioneers
151,https://is.com.sa/,شركة الحلول المتميزة,Innovative Solutions
152,https://www.inspiraenterprise.com/,شركة انسبيرا انترباريز السعودية لتقنية المعلومات,Inspira Enterprise
153,http://www.ics-saudi.com/,شركة المترابط لأنظمة الحاسب الآلي,Integrated Computer Systems
154,http://www.inet.net.sa/,شركة الشبكات المتكاملة,Integrated Networks
155,https://itelecom.com.sa/,تقنية الاتصالات المتكاملة,Integrated Telecom Technologies
156,https://www.azhhan.com/,أذهان للامن السيبراني,Intellects Cyber Securty
157,https://ihorizon.sa/,شركة أفق الذكاء التقنية لتقنية المعلومات,Intelligence Horizon Technology Company
158,https://www.ise.sa/,الشركة الدولية لهندسة النظم المحدودة,International Systems Engineering - ISE
159,https://www.ib-ksa.com/,شركة القطعة الخفية للاتصالات وتقنية المعلومات,invisible bits for telecom and information technology
160,https://www.iristechnology.me/,شركة القزحية العربية لتقنية المعلومات,IRIS Technology
161,https://irsaa.com/,شركة إرساء الجزيرة لحلول الأعمال,IRSAA Business Soloutions
162,http://www.itb.com.sa/,شركة حزام المعلومات,IT BELT COMPANY
163,https://www.its2.com/,شركة التقنية الأمنية للتجارة المحدودة,IT Security Training & Solutions
164,https://joushen.com/,مؤسسة جوشن لتقنية المعلومات ونظم الاتصالات,Joushen Cybersecurity
165,https://www.connectps.com/,شركة جسور التعامل للاتصالات وتقنية المعلومات,JUSOOR AlTamil Telecom Co
166,https://kanooelite.com/,شركة كانو النخبة المحدودة,Kanoo Elite
167,https://me-en.kaspersky.com/,شركة كاسبرسكي لتنقية المعلومات,Kaspersky Information Technology
168,https://www.kayes.com.sa/,مؤسسة كايس لتقنية المعلومات,KAYES Trading Establishment
169,https://keypoint.com/ksa/it/,شركة النقطة الرئيسية لتقنية المعلومات,Keypoint
170,https://kilotech.sa.com/,شركة تطبيقات كيلو ماس للتسويق الالكتروني,kilo mass application
171,https://kcc.sa/,شركة ربط المعارف المحدودة,Knowledge Connect Company
172,https://kite.com.sa/,مؤسسة شركاء المعرفة لتقنية المعلومات,Knowledge Partners Information Technology Est
173,https://home.kpmg/,شركة كى بي ام جي للاستشارات المهنية,KPMG Professional Services
174,https://www.lantern.com.sa/,شركة المشعل المضئ للحاسبات والأنظمة الأمنية,Lantern Software and Security Systems Co. LTD
175,https://leadergroup.com/,شركة القائد للاستثمار,Leader Group
176,https://leira.com.sa/,شركة ليرا العربية لتقنية المعلومات,Leira Arabia for information Technology
177,https://www.leonardo.com/,شركة ليوناردو السعودية المحدودة,Leonardo Saudi Ltd
178,https://www.loffan.com/,شركة لوفان لتقنية المعلومات,Loffan Company
179,https://loopcloud.sa/,شركة سحابة لوب لتقنية المعلومات,Loop Cloud for information Technology
180,https://looptech.com.sa/,شركة لوب تيك لتقنية المعلومات,Looptech for information technology
181,https://lot.sa/,لوت لتقنية المعلومات,Lot for Information Technology
182,https://ltech.sa/,مؤسسة التقنية المترفة للاتصالات وتقنية المعلومات,LTECH Luxury Technology
183,https://lunar.sa/,شركة مدار القمر للأمن السيبراني,Lunar
184,http://www.madaric.com/,شركة مدارك للاتصالات وتقنية المعلومات,Madaric
185,https://www.managed.sa/,شركة الخدمات المدارة لتقنية المعلومات,Managed Services
186,https://master-works.net/,شركة الأعمال البارعة لتقنية المعلومات,Master Works
187,https://mazsa.net/,معهد ماز العالي للتدريب,MAZ HIGHER INSTITUTE OF TRAINING
188,https://www.mbuzz.com.sa/,أعمال المتنقل للاتصالات وتقنية المعلومات,Mbuzz
189,https://www.microsoft.com/ar-sa/,مايكروسوفت العربية المحدودة,Microsoft Arabia
190,https://www.cyberanisolutions.com/,شركة حلول الشرق الأوسط لتقنية المعلومات,Middle East Information Technology Solutions (D/b/a Cyberani Solutions)
191,https://cyberia.net.sa/,شركة الشرق الأوسط للإنترنت المحدودة,Middle East Internet co. Ltd
192,https://www.middlesolution.com/,شركة ميدل سليوشن السعودية لتقنية المعلومات,Middle Solution
193,https://mis.com.sa/,شركة المعمر لأنظمة المعلومات,MIS - Al Moammar Information Systems Co
194,https://metatechs.com.sa/,مؤسسة ماوراء التقنيات للأمن السيبراني,Metatechs
195,https://cloud.sa.zain.com/en/home/virtual-data-center,شركة الاتصالات المتنقلة السعودية زين,Mobile Telecommunication Company - Zain
196,http://mag.sa/,Modern Alliance Group,التحالف العصري لتقنية المعلومات
197,https://mssp.sa/,شركة حلول الخدمات المدارة للاتصالات وتقنية المعلومات,MSSp
198,http://www.fiit.sa/,مؤسسة المبادرة الأولى الأمنية,Mubadara Aloula for IT
199,https://www.nabuware.com/,شركة مشروع المظلة التقنية,Nabuware
200,https://www.naizak.com/,مؤسسة انظمة النيزك الهندسية العالمية,Naizak
201,https://www.namaatec.com/,شركة عالم نماء للاتصالات السلكية والحاسبات ونظم المعلومات,Namaa Tech
202,https://www.neomatrix.tech/,شركة الحلول الكاملة للاتصالات وتقنية المعلومات,NeoMatrix Technologies - AlHeloul AlKamilah Telecom & Info Tech Company
203,https://www.nesma-nit.com/,شركة نسما للبنية التحتية والتقنية المحدودة,& Technology Nesma Infrastructure
204,https://www.niiconsulting.com/,شركة شبكة الذكاء للأمن السيبراني,Network Intelligence Company for Cyber Security
205,https://nesicsa.com/,شركه دمج الشبكات والانظمه المعلوماتيه العربيه السعوديه المحدودة,Networks & System Integration S. A. Co. Ltd (NESIC Saudi Arabia)
206,http://www.neusol.com/,مؤسسة فارس الأنظمة لتقنية المعلومات,NEUSOL
207,https://nour.net.sa/cyber-security/web-security-solutions/,شركة نور انترنت,NourNet
208,https://nozomtechs.com/,شركة نظم الخبرات لتقنية المعلومات,Nozom Information Technology Consulting Company
209,https://netkit.sa/,مؤسسة ادوات بناء الشبكة لتقنية المعلومات,NETKIT
210,https://www.nozominetworks.com/,شركة نوزومي نتوركس إنك,Nozomi Networks
211,https://oivan.com/,شركة نكس مي للاتصالات وتقنية المعلومات,NXme For Communication And Info Tech Company
212,https://www.obrela.com/,شركة اوبريلا العربية لتقنية المعلومات,Obrela Security Industries
213,https://www.onetelecom.sa/,شركة منافذ الشبكة المفتوحة للاتصالات و تقنية المعلومات,onetelecom
214,https://www.orbitknowledge.net/,شركة مدار المعرفه لتقنية المعلومات,Orbit Knowledge For IT Technology
215,https://www.orbitnetwork.sa/,مؤسسة شبكة المدار لتقنية المعلومات,Orbit Network
216,https://www.oregon-systems.com/,شركة اوريغون سيستمز,Oregon Systems
217,https://www.paloaltonetworks.com/,شركة بالو التو نيتوركس العربية السعودية المحدودة,Palo Alto Networks
218,https://pentesting.sa/,شركة اختبار الاختراق للاتصالات وتقنية المعلومات,Penetration Testing Company
219,https://www.pwc.com/,شركة برايس وتر هاوس كوبرز للاستشارات المحدودة,PricewaterhouseCoopers Advisory Ltd
220,https://presources.sa/,شركة الموارد العالية المحدودة,Prime Resources Company
221,https://www.procomme.com/,شركة بروكوم للتكنولوجيا,Procom Technologies Co
222,https://www.protiviti.com/,شركة بروتيفيتي ممبر فيرم السعودية للاستشارات الإدارية,Protiviti Saudi Member Firm for Management Consultancy
223,https://purpleseq.sa/,مؤسسة التعاقب الارجواني للأمن السيبراني,Purple Sequence for Cybersecurity
224,http://www.qabastech.com/,شركة قبس التقنية للتجارة,Qabastech
225,https://www.qswra.com/,شركة قسورة لتقنية المعلومات,Qswra
226,https://qtc.sa/,شركة تقنية الجودة للاعتماد,Quality Techno Certification
227,https://www.qss.com.sa/,شركة أنظمة الأمن الكمي للاتصالات وتقنية المعلومات,Quantum Security Systems
228,https://www.riskassociates.com/,شركة ار ايه أي يو العربية لتنقية المعلومات,RA EU Alarabia Information Technology Company (Risk Associates)
229,https://www.rsa.com/,شركة أر أس أيه سيكيوريتي المحدودة,RSA Security
230,https://rationaldata1.com/,شركة ترشيد المصروفات للاتصالات,Rational Data
231,http://www.rt.com.sa/,تقنية الريان للتجارة,Rayan Technologies
232,https://top.net.sa/,شركة ريادة الشبكة للإتصالات وتقنية المعلومات,Rayadah Internet Service Provider
233,https://www.redingtongroup.com/,شركة ريد نجتون جلف العربية لتقنية المعلومات,Redington Gulf for Information Technology
234,https://www.rmg-sa.com/,شركة ريناد المجد لتقنية المعلومات,info company (RMG) & Renad Almajd for Tech
235,https://www.resecurity.com/,شركة ريسكيورتي المحدودة,Resecurity
236,https://resilience.sa/,شركة الحماية المرنة للإتصالات وتقنية المعلومات,Resilience Co
237,http://www.riskverse.me/,شركة الأخطار المدارة للأمن السيبراني,Riskverse
238,https://www.ry-alt.com/,شركة بدائل الرياض للتجارة,Riyadh Alternative company
239,https://www.rsg.one/,شركة الصخور السعودية الصلبة المحدودة,Rock Solid Group (RSG)
240,https://romuz.com.sa/,شركة رموز التقنيات للامن السيبراني,Romuz Data Solutions LLC
241,https://www.ecovis.com/global/newsletter/,شركة سعد صالح السبتي وشركاؤه محاسبون ومراجعون قانونيون,Saad Saleh Al-Sabti & Partners Co. Chartered Accountants and Auditors
242,https://sabry.sa/,مؤسسة سابري لتقنية المعلومات,SABRY Information Technology
243,https://sadeed.sa/,شركة سديد للأمن السيبراني,SADEED
244,https://www.safedecision.com.sa/,شركة القرار الآمن,Safe Decision
245,https://www.safep.com.sa/wp/,شركة الممر الأمن المحدودة,Safe Pass Co.Ltd
246,https://sahara.com/,شركة شبكة صحارى,Sahara Net
247,https://said.com.sa/,مؤسسة سائد لتقنية المعلومات,Said Information Technology
248,https://salam.sa/,شركة سلام,Salam
249,https://salekx.sa/,شركة سالك عشرة للاتصالات وتقنية المعلومات,Salek x
250,https://www.sbm.com.sa/,الشركة السعودية للحسابات الإلكترونية,Saudi Business Machines (SBM)
251,https://www.cyber.com.sa/,الشركة السعودية للأمن السيبراني وتقنية المعلومات,Saudi Cybersecurity Company & IT . Ltd
252,https://safcsp.org.sa/,الاتحاد السعودي للأمن السيبراني والبرمجة والدرونز,Saudi Federation for Cybersecurity Programming & Drones
253,https://site.sa/,الشركة السعودية لتقنية المعلومات,Saudi Information Technology Company
254,http://cgc-sa.com/main,شركة إنتيليجينتس السعودية للأمن السيبراني,Saudi Intelligints for Cyber Security
255,https://www.pcssaudi.com/,الشركة العُليا السعودية لأنظمة الحاسب الآلي,Saudi Paramount Computer Systems
256,https://www.sauditameer.sa/,شركة التعمير والإنشاءات السعودية للمقاولات,Saudi Tameer
257,https://www.se.com/sa/en/,شركة شنايدر إليكتريك العربية السعودية,Schneider Electric
258,https://securedbydefault.com/,شركة الامان الافتراضي للامن السيبراني,SecuredByDefault
259,https://securenass.com/,شركة أمان الناس التجارية,SecureNass
260,https://secureyes.net/,شركة سكيور آيز المحدودة,SecurEyes Limited
261,https://www.securitymakers.sa/,شركة صناع الأمان للأمن السيبراني,Security Makers
262,https://security.print.com.sa/,بصمة أمان,Security Print
263,https://www.sejeltech.com/,شركة سجل التقنيه للتطبيقات الالكترونيه المتكامله المحدوده,Sejel Technology
264,https://www.sensus.sa/,شركة إحساس تقني,Sensus
265,https://shieldit.sa/,درع لتقنية المعلومات,Shield IT
266,https://sinam-it.com/,شركة سنام العالمية لتقنية المعلومات,Sinam International IT Solutions Co.
267,https://smartlevel.sa/Ict/ar,مؤسسة المستوى الذكي للاتصالات وتقنية المعلومات,Smart Level Company
268,https://www.smart-orbit.com/,مؤسسة سمارت اوربيت للاتصالات وتقنية المعلومات,information Technologies & Smart Orbit For Communication
269,https://smartcyber.sa/,شركة الحلول الأمنية الذكية المحدودة,Smart Security Solutions
270,https://smart.sa/,شركة الذكاء المميز لحلول التجارة والأعمال المحدودة,Smart Technology Soultions
271,https://snscyber.com/,شركة امن الانظمة والشبكات للإتصالات وتقنية المعلومات,SNS Cyber Risk Managemnt Serices
272,https://www.solidrange.com/,شركة النطاق المحكم للاتصالات و تقنية المعلومات,Solidrange
273,https://solutions.com.sa/,الشركة العربية لخدمات الانترنت والاتصالات,Solutions by stc
274,http://seitcs.com/,شركة خبراء التخصص للاتصالات وتقنية المعلومات,SPECILATY EXPERTS
275,https://www.spiresolutions.com/,شركة سباير سوليوشونز السعودية للاتصالات وتقنية المعلومات,spire solutions
276,https://squid.tech/,شركة الحبار التقني التجارية,Squid Technologies
277,https://www.starways.com.sa/,شركة درب الشهاب لتقنية المعلومات,Starways
278,https://streamit-ksa.com/,شركة الروافد لحلول تقنية المعلومات,Stream it
279,https://www.4s.net.sa/,شركة انظمة التجهيز وخدمات المساندة,Supply & Support Service Systems Co. Ltd
280,https://synoptic.com.sa/,مؤسسة المعلومات الشاملة لتقنية المعلومات,Synoptic Information
281,https://www.asf-it.com/,شركة الأنظمة الامامية لتقنية المعلومات,Information Technology Company & System Front
282,https://itbuilders.com.sa/,شركة بناة الأنظمة للاتصالات وتقنية المعلومات,Systems Builders for communication and information technology
283,https://www.tabayyun.com.sa/,شركة تبين المعلومات للأمن السيبراني,Tabayyun Al Malumat for Cybersecurity
284,https://tamayouz.sa/,شركة تميز لخدمات الأعمال,Tamayouz for Business Services
285,https://www.tamkeensecurity.sa/,تمكين المعلومات للأمن السيبراني,TAMKEEN SECURITY
286,https://tamkeentech.sa/,شركة تمكين للتقنيات,Tamkeen Technologies
287,https://taqniacyber.com/,شركة تقنية لأمن المعلومات,Taqnia Cyber
288,https://www.tarmeez.com/,شركة ترميز الرقمية التجارية,Tarmeez Co. LTD
289,https://techs.com.sa/,شركة محطات التقنية لتقنية المعلومات,Tech Stations Company for IT Services (TSC)
290,https://techarch.com.sa/,شركة التراكيب التقنية لتقنية المعلومات,TECHARCH
291,https://www.tl-ss.com/,مؤسسة تقنية الحياة للتجارة,TECHLIFE
292,https://www.tcc-ict.com/,شركة تحكم التقنية المحدودة,Technology Control Company (TCC)
293,https://technofriend.net/,مؤسسة صديق التقنية لتقنية المعلومات,Technology Friend
294,https://www.techworld-it.com/,شركة عالم التقنية للاتصالات,.Technology World For Communication Co
295,https://www.tforce.com.sa/,مؤسسة القوي التقنية للاتصالات وتقنية المعلومات,TFORCE
296,https://www.thalesgroup.com/en,شركة تاليس دي اي اس العربية لتقنية المعلومات,Thales DIS Arabia for Information Technology Co.
297,https://www.thalesgroup.com/,شركة تاليس للحلول الأمنية والخدمات المحدودة,Thales Security Solutions & Services LLC.
298,https://www.thecloudshield.com/,شركة درع السحابة للاتصالات,The Cloud Shield
299,https://tng.com.sa/,شركة ذا نت ورك قايد العالمية لتقنية المعلومات,The Network Guide International Company
300,https://tt.net.sa/,مؤسسة تقنيات رقيقة للاتصالات وتقنية المعلومات,Thin Technology
301,https://threat.sa/,مؤسسة حلول المخاطر للأمن السيبراني,Threat Solutions
302,https://www.3wnetworks.com/,شركة ثري دبليو نت وركس العربية,Three W Networks Arabia company
303,https://tech-vil.com/,مؤسسة قرية التكنولوجيا,Technology village
304,https://www.techvisions.com.sa/,شركة مرئيات التقنية لتقنية المعلومات,Technology Visions for Information Technology
305,https://www.trendmicro.com/,شركة تريند مايكرو ليمتد,Trend Micro
306,https://trinergy-tech.com/,شركة ثلاثي الطاقة للتكنلوجيا السعودية العربية,Trinergy Technologies SA CO
307,https://tcg.com.sa/,مؤسسة الفحص الثلاثي لتقنية المعلومات,Triple Check Group
308,https://www.trustline.sa/,مؤسسة سطر الثقة لتقنية المعلومات,Trust Line
309,https://www.trustedbz.com/,شركة الأعمال الموثوقة للاتصالات وتقنية المعلومات,Trusted Business Compmany
310,https://trustedchain.sa/,شركة ميثاق النظم لتقنية المعلومات,Trusted Chain Company
311,https://trusted.sa/,شركة الثقة الأمنية لتقنية المعلومات,Trusted Partners
312,https://trustlink.sa/,رابط الثقة للاتصالات وتقنية المعلومات,TrustLink
313,https://www.tsasec.sa/,مؤسسة تسا للأمن السيبراني,TSA for cybersecurity &technical solutions
314,https://www.tss4it.com/,شركة الخدمات الموثوقة للأمن السيبراني,TSS DWC
315,https://www.tuv.com/saudi-arabia/ar/,شركة تي يو في راين لاند العربية,TÜV Rheinland Arabia LLC
316,https://www.unifieddefenses.com/,شركة الدفاع الموحد للأمن السيبراني,Unified Defenses for Cybersecurity
317,https://www.unit.sa/,شركة الوطنية المتحدة لتقنية المعلومات,United National Information Technology Co.
318,https://valueboxx.com/,مؤسسة الصندوق القيمة المحترفة للاتصالات و تقنية المعلومات,ValueBoxx
319,https://www.versos.com/,شركة الحلول المتوافقة للحاسبات الآلية,Versatile Solutions Co. For Computer
320,http://www.virtuport.com/,شركة فيرتوبوت لتقنية المعلومات,VirtuPort Cyber Security
321,https://www.watadenergy.com/,شركة وتد للطاقة والاتصالات المحدودة,Watad Energy & Communications Co ltd
322,https://wavestelecom.net/,مؤسسة موجات الاتصالات التقنية التجارية,Waves Telecom and Technology Trading Establishment
323,http://www.wipro.com/,شركة ويبرو العربية المحدودة,Wipro Arabia Limited
324,https://wjn.sa/,شركة وجن للأمن السيبراني,WJN Cybersecurity Company
325,http://xactasolutions.tech/,شركة معالم الحلول لتقنية المعلومات,XACTA Business Solutions
326,http://www.yamtech.com.sa/,شركة يم للتقنية المحدودة,Yam Technology
327,http://www.zaintech.com/,فرع شركة زين تك سوليوشنس,ZainTech Solutions
328,https://ebs.com.sa/index.html,شركة الحلول الفردية الإلكترونية,E-Business Solutions